{
    "mae": 265.5057763734769,
    "mse": 277023.2951924413,
    "rmse": 526.3300249771443,
    "r2": 0.9826637077538484
}